863e54,127.0.0.1,GET,http://xintegro.local/,1529168270,,200
374892,127.0.0.1,GET,http://xintegro.local/assets/vendors/bootstrap/dist/css/bootstrap.min.css,1529168272,f45f09,200
f25ee7,127.0.0.1,GET,http://xintegro.local/assets/vendors/bootstrap-progressbar/css/bootstrap-progressbar-3.3.4.min.css,1529168272,eebfe3,200
da12ef,127.0.0.1,GET,http://xintegro.local/assets/vendors/iCheck/skins/flat/green.css,1529168272,6c05fa,200
f45f09,127.0.0.1,GET,http://xintegro.local/assets/vendors/bootstrap/dist/css/bootstrap.min.css,1529168273,,404
fb5e66,127.0.0.1,GET,http://xintegro.local/assets/images/img.jpg,1529168273,24e1c9,200
6c05fa,127.0.0.1,GET,http://xintegro.local/assets/vendors/iCheck/skins/flat/green.css,1529168273,,404
eebfe3,127.0.0.1,GET,http://xintegro.local/assets/vendors/bootstrap-progressbar/css/bootstrap-progressbar-3.3.4.min.css,1529168273,,404
24e1c9,127.0.0.1,GET,http://xintegro.local/assets/images/img.jpg,1529168273,,404
59300b,127.0.0.1,GET,http://xintegro.local/assets/vendors/jquery/dist/jquery.min.js,1529168272,d3d474,200
d3d474,127.0.0.1,GET,http://xintegro.local/assets/vendors/jquery/dist/jquery.min.js,1529168273,,404
452d04,127.0.0.1,GET,http://xintegro.local/assets/vendors/bootstrap/dist/js/bootstrap.min.js,1529168275,ac1a97,200
ac1a97,127.0.0.1,GET,http://xintegro.local/assets/vendors/bootstrap/dist/js/bootstrap.min.js,1529168275,,404
9d5806,127.0.0.1,GET,http://xintegro.local/assets/vendors/nprogress/nprogress.js,1529168275,4d962e,200
8f10bb,127.0.0.1,GET,http://xintegro.local/assets/vendors/Chart.js/dist/Chart.min.js,1529168275,78814e,200
b83a4c,127.0.0.1,GET,http://xintegro.local/assets/vendors/fastclick/lib/fastclick.js,1529168275,0a8b89,200
0a8b89,127.0.0.1,GET,http://xintegro.local/assets/vendors/fastclick/lib/fastclick.js,1529168275,,404
a61097,127.0.0.1,GET,http://xintegro.local/assets/vendors/bootstrap-progressbar/bootstrap-progressbar.min.js,1529168275,c08a7a,200
4d962e,127.0.0.1,GET,http://xintegro.local/assets/vendors/nprogress/nprogress.js,1529168275,,404
78814e,127.0.0.1,GET,http://xintegro.local/assets/vendors/Chart.js/dist/Chart.min.js,1529168275,,404
94952d,127.0.0.1,GET,http://xintegro.local/assets/vendors/gauge.js/dist/gauge.min.js,1529168275,b85ff3,200
b85ff3,127.0.0.1,GET,http://xintegro.local/assets/vendors/gauge.js/dist/gauge.min.js,1529168275,,404
c08a7a,127.0.0.1,GET,http://xintegro.local/assets/vendors/bootstrap-progressbar/bootstrap-progressbar.min.js,1529168275,,404
55efab,127.0.0.1,GET,http://xintegro.local/assets/vendors/skycons/skycons.js,1529168276,6c93dc,200
902952,127.0.0.1,GET,http://xintegro.local/assets/vendors/Flot/jquery.flot.js,1529168276,564ad9,200
e9436b,127.0.0.1,GET,http://xintegro.local/assets/vendors/iCheck/icheck.min.js,1529168276,69ac2e,200
6c93dc,127.0.0.1,GET,http://xintegro.local/assets/vendors/skycons/skycons.js,1529168277,,404
69ac2e,127.0.0.1,GET,http://xintegro.local/assets/vendors/iCheck/icheck.min.js,1529168277,,404
564ad9,127.0.0.1,GET,http://xintegro.local/assets/vendors/Flot/jquery.flot.js,1529168277,,404
1a8e88,127.0.0.1,GET,http://xintegro.local/assets/vendors/Flot/jquery.flot.pie.js,1529168276,7afd31,200
7afd31,127.0.0.1,GET,http://xintegro.local/assets/vendors/Flot/jquery.flot.pie.js,1529168277,,404
6d5657,127.0.0.1,GET,http://xintegro.local/assets/vendors/bootstrap-progressbar/bootstrap-progressbar.min.js,1529168276,fc91c3,200
fc91c3,127.0.0.1,GET,http://xintegro.local/assets/vendors/bootstrap-progressbar/bootstrap-progressbar.min.js,1529168277,,404
e9f88d,127.0.0.1,GET,http://xintegro.local/assets/vendors/Flot/jquery.flot.time.js,1529168277,2db105,200
2db105,127.0.0.1,GET,http://xintegro.local/assets/vendors/Flot/jquery.flot.time.js,1529168277,,404
20a812,127.0.0.1,GET,http://xintegro.local/assets/vendors/Flot/jquery.flot.resize.js,1529168278,1ab450,200
1ab450,127.0.0.1,GET,http://xintegro.local/assets/vendors/Flot/jquery.flot.resize.js,1529168278,,404
a72c25,127.0.0.1,GET,http://xintegro.local/assets/vendors/skycons/skycons.js,1529168278,c0ecb0,200
c0ecb0,127.0.0.1,GET,http://xintegro.local/assets/vendors/skycons/skycons.js,1529168279,,404
8b0ca9,127.0.0.1,GET,http://xintegro.local/assets/vendors/Flot/jquery.flot.js,1529168279,95d1ce,200
95d1ce,127.0.0.1,GET,http://xintegro.local/assets/vendors/Flot/jquery.flot.js,1529168280,,404
342204,127.0.0.1,GET,http://xintegro.local/assets/vendors/Flot/jquery.flot.pie.js,1529168280,f00f96,200
f00f96,127.0.0.1,GET,http://xintegro.local/assets/vendors/Flot/jquery.flot.pie.js,1529168281,,404
71c601,127.0.0.1,GET,http://xintegro.local/assets/vendors/Flot/jquery.flot.time.js,1529168281,317e3a,200
317e3a,127.0.0.1,GET,http://xintegro.local/assets/vendors/Flot/jquery.flot.time.js,1529168282,,404
8719fe,127.0.0.1,GET,http://xintegro.local/assets/vendors/Flot/jquery.flot.stack.js,1529168282,76ba23,200
76ba23,127.0.0.1,GET,http://xintegro.local/assets/vendors/Flot/jquery.flot.stack.js,1529168282,,404
f2df0e,127.0.0.1,GET,http://xintegro.local/assets/vendors/Flot/jquery.flot.resize.js,1529168283,8f0d72,200
8f0d72,127.0.0.1,GET,http://xintegro.local/assets/vendors/Flot/jquery.flot.resize.js,1529168283,,404
e9c45f,127.0.0.1,GET,http://xintegro.local/app/user/list,1529168300,,200
e04397,127.0.0.1,GET,http://xintegro.local/assets/vendors/jquery/dist/jquery.min.js,1529168301,8b353e,200
be8d88,127.0.0.1,GET,http://xintegro.local/assets/vendors/bootstrap/dist/css/bootstrap.min.css,1529168301,be6cad,200
8b353e,127.0.0.1,GET,http://xintegro.local/assets/vendors/jquery/dist/jquery.min.js,1529168301,,404
0d3547,127.0.0.1,GET,http://xintegro.local/assets/vendors/font-awesome/css/font-awesome.min.css,1529168301,5e79ce,200
be6cad,127.0.0.1,GET,http://xintegro.local/assets/vendors/bootstrap/dist/css/bootstrap.min.css,1529168301,,404
79ce41,127.0.0.1,GET,http://xintegro.local/assets/images/img.jpg,1529168301,65ea8d,200
d5da05,127.0.0.1,GET,http://xintegro.local/assets/vendors/fastclick/lib/fastclick.js,1529168301,1879fa,200
5e79ce,127.0.0.1,GET,http://xintegro.local/assets/vendors/font-awesome/css/font-awesome.min.css,1529168302,,404
1879fa,127.0.0.1,GET,http://xintegro.local/assets/vendors/fastclick/lib/fastclick.js,1529168302,,404
65ea8d,127.0.0.1,GET,http://xintegro.local/assets/images/img.jpg,1529168302,,404
169f81,127.0.0.1,GET,http://xintegro.local/assets/vendors/bootstrap/dist/js/bootstrap.min.js,1529168301,79311e,200
79311e,127.0.0.1,GET,http://xintegro.local/assets/vendors/bootstrap/dist/js/bootstrap.min.js,1529168302,,404
d3f4a5,127.0.0.1,GET,http://xintegro.local/assets/vendors/nprogress/nprogress.js,1529168302,9dbc65,200
9dbc65,127.0.0.1,GET,http://xintegro.local/assets/vendors/nprogress/nprogress.js,1529168302,,404
efa4bd,127.0.0.1,GET,http://xintegro.local/assets/vendors/fastclick/lib/fastclick.js,1529168302,26e44b,200
26e44b,127.0.0.1,GET,http://xintegro.local/assets/vendors/fastclick/lib/fastclick.js,1529168302,,404
985116,127.0.0.1,GET,http://xintegro.local/assets/vendors/nprogress/nprogress.js,1529168303,122576,200
122576,127.0.0.1,GET,http://xintegro.local/assets/vendors/nprogress/nprogress.js,1529168303,,404
1aec50,127.0.0.1,GET,http://xintegro.local/app/user/list,1529169757,,200
3f742c,127.0.0.1,GET,http://xintegro.local/assets/vendors/fastclick/lib/fastclick.js,1529169758,87e949,200
87e949,127.0.0.1,GET,http://xintegro.local/assets/vendors/fastclick/lib/fastclick.js,1529169758,,404
ddd26b,127.0.0.1,GET,http://xintegro.local/assets/vendors/jquery/dist/jquery.min.js,1529169758,da1d7a,200
1ebdb1,127.0.0.1,GET,http://xintegro.local/assets/vendors/font-awesome/css/font-awesome.min.css,1529169758,0a5c97,200
f97d17,127.0.0.1,GET,http://xintegro.local/assets/vendors/bootstrap/dist/css/bootstrap.min.css,1529169758,5cd693,200
dba29c,127.0.0.1,GET,http://xintegro.local/assets/images/img.jpg,1529169758,f3d792,200
4b83ab,127.0.0.1,GET,http://xintegro.local/assets/vendors/bootstrap/dist/js/bootstrap.min.js,1529169758,fdf9b6,200
da1d7a,127.0.0.1,GET,http://xintegro.local/assets/vendors/jquery/dist/jquery.min.js,1529169758,,404
5cd693,127.0.0.1,GET,http://xintegro.local/assets/vendors/bootstrap/dist/css/bootstrap.min.css,1529169758,,404
fdf9b6,127.0.0.1,GET,http://xintegro.local/assets/vendors/bootstrap/dist/js/bootstrap.min.js,1529169758,,404
f3d792,127.0.0.1,GET,http://xintegro.local/assets/images/img.jpg,1529169758,,404
0a5c97,127.0.0.1,GET,http://xintegro.local/assets/vendors/font-awesome/css/font-awesome.min.css,1529169758,,404
ae9039,127.0.0.1,GET,http://xintegro.local/assets/vendors/nprogress/nprogress.js,1529169759,1b9f9f,200
1b9f9f,127.0.0.1,GET,http://xintegro.local/assets/vendors/nprogress/nprogress.js,1529169759,,404
60c9f4,127.0.0.1,GET,http://xintegro.local/assets/vendors/bootstrap/dist/js/bootstrap.min.js,1529169759,9d229b,200
9d229b,127.0.0.1,GET,http://xintegro.local/assets/vendors/bootstrap/dist/js/bootstrap.min.js,1529169759,,404
1cd29e,127.0.0.1,GET,http://xintegro.local/assets/vendors/fastclick/lib/fastclick.js,1529169759,fb0608,200
fb0608,127.0.0.1,GET,http://xintegro.local/assets/vendors/fastclick/lib/fastclick.js,1529169759,,404
9f66a5,127.0.0.1,GET,http://xintegro.local/assets/vendors/nprogress/nprogress.js,1529169760,8d2f06,200
8d2f06,127.0.0.1,GET,http://xintegro.local/assets/vendors/nprogress/nprogress.js,1529169760,,404
b5047e,127.0.0.1,GET,http://xintegro.local/admin/users/temp,1529181897,,301
79627e,127.0.0.1,GET,http://xintegro.local/admin/users/temp/,1529181898,,200
f1015e,127.0.0.1,GET,http://xintegro.local/assets/vendors/bootstrap/dist/js/bootstrap.min.js,1529181899,0e66d7,200
d9627f,127.0.0.1,GET,http://xintegro.local/assets/vendors/font-awesome/css/font-awesome.min.css,1529181899,886aba,200
f24fef,127.0.0.1,GET,http://xintegro.local/assets/images/img.jpg,1529181899,043198,200
0e66d7,127.0.0.1,GET,http://xintegro.local/assets/vendors/bootstrap/dist/js/bootstrap.min.js,1529181899,,404
3e23fa,127.0.0.1,GET,http://xintegro.local/assets/vendors/jquery/dist/jquery.min.js,1529181899,fc771d,200
fc771d,127.0.0.1,GET,http://xintegro.local/assets/vendors/jquery/dist/jquery.min.js,1529181899,,404
e31f20,127.0.0.1,GET,http://xintegro.local/assets/vendors/bootstrap/dist/css/bootstrap.min.css,1529181899,acef40,200
886aba,127.0.0.1,GET,http://xintegro.local/assets/vendors/font-awesome/css/font-awesome.min.css,1529181899,,404
043198,127.0.0.1,GET,http://xintegro.local/assets/images/img.jpg,1529181899,,404
acef40,127.0.0.1,GET,http://xintegro.local/assets/vendors/bootstrap/dist/css/bootstrap.min.css,1529181899,,404
0abc7e,127.0.0.1,GET,http://xintegro.local/assets/vendors/nprogress/nprogress.js,1529181900,9a75f2,200
d95783,127.0.0.1,GET,http://xintegro.local/assets/vendors/bootstrap/dist/js/bootstrap.min.js,1529181900,47b7c7,200
47b7c7,127.0.0.1,GET,http://xintegro.local/assets/vendors/bootstrap/dist/js/bootstrap.min.js,1529181900,,404
9a75f2,127.0.0.1,GET,http://xintegro.local/assets/vendors/nprogress/nprogress.js,1529181900,,404
8813e1,127.0.0.1,GET,http://xintegro.local/assets/vendors/fastclick/lib/fastclick.js,1529181900,8d3989,200
8d3989,127.0.0.1,GET,http://xintegro.local/assets/vendors/fastclick/lib/fastclick.js,1529181901,,404
e9682c,127.0.0.1,GET,http://xintegro.local/assets/vendors/nprogress/nprogress.js,1529181901,88167f,200
88167f,127.0.0.1,GET,http://xintegro.local/assets/vendors/nprogress/nprogress.js,1529181901,,404
17cad9,127.0.0.1,GET,http://xintegro.local/admin/users/temp/1/edit,1529181918,,200
30814e,127.0.0.1,GET,http://xintegro.local/assets/vendors/bootstrap/dist/css/bootstrap.min.css,1529181919,23e730,200
6d893e,127.0.0.1,GET,http://xintegro.local/assets/images/img.jpg,1529181919,68444f,200
d83b59,127.0.0.1,GET,http://xintegro.local/assets/vendors/font-awesome/css/font-awesome.min.css,1529181919,840c4a,200
23e730,127.0.0.1,GET,http://xintegro.local/assets/vendors/bootstrap/dist/css/bootstrap.min.css,1529181919,,404
68444f,127.0.0.1,GET,http://xintegro.local/assets/images/img.jpg,1529181919,,404
840c4a,127.0.0.1,GET,http://xintegro.local/assets/vendors/font-awesome/css/font-awesome.min.css,1529181919,,404
12a3ab,127.0.0.1,GET,http://xintegro.local/assets/vendors/bootstrap/dist/js/bootstrap.min.js,1529181919,88db93,200
9e615a,127.0.0.1,GET,http://xintegro.local/assets/vendors/fastclick/lib/fastclick.js,1529181919,234c8e,200
234c8e,127.0.0.1,GET,http://xintegro.local/assets/vendors/fastclick/lib/fastclick.js,1529181919,,404
88db93,127.0.0.1,GET,http://xintegro.local/assets/vendors/bootstrap/dist/js/bootstrap.min.js,1529181919,,404
5312fc,127.0.0.1,GET,http://xintegro.local/assets/vendors/jquery/dist/jquery.min.js,1529181919,57f80b,200
57f80b,127.0.0.1,GET,http://xintegro.local/assets/vendors/jquery/dist/jquery.min.js,1529181919,,404
17acf0,127.0.0.1,GET,http://xintegro.local/assets/vendors/nprogress/nprogress.js,1529181920,9198c9,200
9198c9,127.0.0.1,GET,http://xintegro.local/assets/vendors/nprogress/nprogress.js,1529181920,,404
ea4d44,127.0.0.1,GET,http://xintegro.local/assets/vendors/bootstrap/dist/js/bootstrap.min.js,1529181920,3e30e3,200
3e30e3,127.0.0.1,GET,http://xintegro.local/assets/vendors/bootstrap/dist/js/bootstrap.min.js,1529181920,,404
95fae8,127.0.0.1,GET,http://xintegro.local/assets/vendors/fastclick/lib/fastclick.js,1529181921,8c99d0,200
8c99d0,127.0.0.1,GET,http://xintegro.local/assets/vendors/fastclick/lib/fastclick.js,1529181921,,404
e47b75,127.0.0.1,GET,http://xintegro.local/assets/vendors/nprogress/nprogress.js,1529181921,5f9fa4,200
5f9fa4,127.0.0.1,GET,http://xintegro.local/assets/vendors/nprogress/nprogress.js,1529181921,,404
3372f1,127.0.0.1,GET,http://xintegro.local/app/user/1/edit,1529181960,,200
2dc4e2,127.0.0.1,GET,http://xintegro.local/assets/vendors/jquery/dist/jquery.min.js,1529181961,c9f8f9,200
730d98,127.0.0.1,GET,http://xintegro.local/assets/vendors/font-awesome/css/font-awesome.min.css,1529181961,880986,200
880986,127.0.0.1,GET,http://xintegro.local/assets/vendors/font-awesome/css/font-awesome.min.css,1529181961,,404
c9f8f9,127.0.0.1,GET,http://xintegro.local/assets/vendors/jquery/dist/jquery.min.js,1529181961,,404
a3281a,127.0.0.1,GET,http://xintegro.local/assets/images/img.jpg,1529181961,432da2,200
432da2,127.0.0.1,GET,http://xintegro.local/assets/images/img.jpg,1529181961,,404
d0204e,127.0.0.1,GET,http://xintegro.local/assets/vendors/bootstrap/dist/js/bootstrap.min.js,1529181961,b03e76,200
b03e76,127.0.0.1,GET,http://xintegro.local/assets/vendors/bootstrap/dist/js/bootstrap.min.js,1529181961,,404
5182be,127.0.0.1,GET,http://xintegro.local/assets/vendors/fastclick/lib/fastclick.js,1529181961,376076,200
376076,127.0.0.1,GET,http://xintegro.local/assets/vendors/fastclick/lib/fastclick.js,1529181962,,404
e74758,127.0.0.1,GET,http://xintegro.local/assets/vendors/nprogress/nprogress.js,1529181962,888b4f,200
888b4f,127.0.0.1,GET,http://xintegro.local/assets/vendors/nprogress/nprogress.js,1529181962,,404
0ff445,127.0.0.1,GET,http://xintegro.local/app/user/1/edit,1529207379,,200
7a8e3b,127.0.0.1,GET,http://xintegro.local/assets/vendors/bootstrap/dist/css/bootstrap.min.css,1529207380,409797,200
409797,127.0.0.1,GET,http://xintegro.local/assets/vendors/bootstrap/dist/css/bootstrap.min.css,1529207381,,404
c60b56,127.0.0.1,GET,http://xintegro.local/assets/vendors/font-awesome/css/font-awesome.min.css,1529207380,cbbe52,200
cbbe52,127.0.0.1,GET,http://xintegro.local/assets/vendors/font-awesome/css/font-awesome.min.css,1529207381,,404
840704,127.0.0.1,GET,http://xintegro.local/assets/images/img.jpg,1529207380,b27e2f,200
6ce340,127.0.0.1,GET,http://xintegro.local/assets/vendors/jquery/dist/jquery.min.js,1529207380,074f96,200
0de7e2,127.0.0.1,GET,http://xintegro.local/assets/vendors/fastclick/lib/fastclick.js,1529207380,ea1f55,200
074f96,127.0.0.1,GET,http://xintegro.local/assets/vendors/jquery/dist/jquery.min.js,1529207381,,404
ea1f55,127.0.0.1,GET,http://xintegro.local/assets/vendors/fastclick/lib/fastclick.js,1529207381,,404
b27e2f,127.0.0.1,GET,http://xintegro.local/assets/images/img.jpg,1529207381,,404
adb8f0,127.0.0.1,GET,http://xintegro.local/assets/vendors/bootstrap/dist/js/bootstrap.min.js,1529207380,ffd727,200
ffd727,127.0.0.1,GET,http://xintegro.local/assets/vendors/bootstrap/dist/js/bootstrap.min.js,1529207381,,404
1eaf16,127.0.0.1,GET,http://xintegro.local/assets/vendors/nprogress/nprogress.js,1529207381,5ccfc0,200
5ccfc0,127.0.0.1,GET,http://xintegro.local/assets/vendors/nprogress/nprogress.js,1529207382,,404
105a96,127.0.0.1,GET,http://xintegro.local/assets/vendors/fastclick/lib/fastclick.js,1529207382,4c6795,200
4c6795,127.0.0.1,GET,http://xintegro.local/assets/vendors/fastclick/lib/fastclick.js,1529207382,,404
c008af,127.0.0.1,GET,http://xintegro.local/assets/vendors/nprogress/nprogress.js,1529207382,910930,200
910930,127.0.0.1,GET,http://xintegro.local/assets/vendors/nprogress/nprogress.js,1529207382,,404
